<?xml version="1.0" encoding="UTF-8"?>
<GenRun Id="synth_1" LaunchPart="xc7z020clg484-1" LaunchTime="1680123999">
  <File Type="PA-TCL" Name="top_demo.tcl"/>
  <File Type="RDS-PROPCONSTRS" Name="top_demo_drc_synth.rpt"/>
  <File Type="REPORTS-TCL" Name="top_demo_reports.tcl"/>
  <File Type="RDS-RDS" Name="top_demo.vds"/>
  <File Type="RDS-UTIL" Name="top_demo_utilization_synth.rpt"/>
  <File Type="RDS-UTIL-PB" Name="top_demo_utilization_synth.pb"/>
  <File Type="RDS-DCP" Name="top_demo.dcp"/>
  <File Type="VDS-TIMINGSUMMARY" Name="top_demo_timing_summary_synth.rpt"/>
  <File Type="VDS-TIMING-PB" Name="top_demo_timing_summary_synth.pb"/>
  <FileSet Name="sources" Type="DesignSrcs" RelSrcDir="$PSRCDIR/sources_1" RelGenDir="$PSRCDIR/sources_1">
    <Filter Type="Srcs"/>
    <File Path="$PPRDIR/../../SV/clk_div.sv">
      <FileInfo>
        <Attr Name="UsedIn" Val="synthesis"/>
        <Attr Name="UsedIn" Val="implementation"/>
        <Attr Name="UsedIn" Val="simulation"/>
      </FileInfo>
    </File>
    <File Path="$PSRCDIR/sources_1/imports/vivado/digit2segments.sv">
      <FileInfo>
        <Attr Name="ImportPath" Val="$PPRDIR/../digit2segments.sv"/>
        <Attr Name="ImportTime" Val="1613138864"/>
        <Attr Name="UsedIn" Val="synthesis"/>
        <Attr Name="UsedIn" Val="implementation"/>
        <Attr Name="UsedIn" Val="simulation"/>
      </FileInfo>
    </File>
    <File Path="$PPRDIR/../../SV/fsmLight.sv">
      <FileInfo>
        <Attr Name="UsedIn" Val="synthesis"/>
        <Attr Name="UsedIn" Val="implementation"/>
        <Attr Name="UsedIn" Val="simulation"/>
      </FileInfo>
    </File>
    <File Path="$PSRCDIR/sources_1/imports/vivado/segment_driver.sv">
      <FileInfo>
        <Attr Name="ImportPath" Val="$PPRDIR/../segment_driver.sv"/>
        <Attr Name="ImportTime" Val="1613138865"/>
        <Attr Name="UsedIn" Val="synthesis"/>
        <Attr Name="UsedIn" Val="implementation"/>
        <Attr Name="UsedIn" Val="simulation"/>
      </FileInfo>
    </File>
    <File Path="$PSRCDIR/sources_1/new/top_demo.sv">
      <FileInfo>
        <Attr Name="ImportPath" Val="$PPRDIR/../../../../Demo/Demo.srcs/sources_1/new/top_demo.sv"/>
        <Attr Name="ImportTime" Val="1610765670"/>
        <Attr Name="UsedIn" Val="synthesis"/>
        <Attr Name="UsedIn" Val="implementation"/>
        <Attr Name="UsedIn" Val="simulation"/>
      </FileInfo>
    </File>
    <File Path="$PPRDIR/../Demo/archive_project_summary.txt"/>
    <Config>
      <Option Name="DesignMode" Val="RTL"/>
      <Option Name="TopModule" Val="top_demo"/>
      <Option Name="TopAutoSet" Val="TRUE"/>
    </Config>
  </FileSet>
  <FileSet Name="constrs_in" Type="Constrs" RelSrcDir="$PSRCDIR/constrs_1">
    <Filter Type="Constrs"/>
    <File Path="$PSRCDIR/constrs_1/new/constr.xdc">
      <FileInfo>
        <Attr Name="ImportPath" Val="$PPRDIR/../../../../Demo/Demo.srcs/constrs_1/new/constr.xdc"/>
        <Attr Name="ImportTime" Val="1610766466"/>
        <Attr Name="UsedIn" Val="synthesis"/>
        <Attr Name="UsedIn" Val="implementation"/>
      </FileInfo>
    </File>
    <Config>
      <Option Name="TargetConstrsFile" Val="$PSRCDIR/constrs_1/new/constr.xdc"/>
      <Option Name="ConstrsType" Val="XDC"/>
    </Config>
  </FileSet>
  <FileSet Name="utils" Type="Utils" RelSrcDir="$PSRCDIR/utils_1">
    <Filter Type="Utils"/>
    <Config>
      <Option Name="TopAutoSet" Val="TRUE"/>
    </Config>
  </FileSet>
  <Strategy Version="1" Minor="2">
    <StratHandle Name="Vivado Synthesis Defaults" Flow="Vivado Synthesis 2020"/>
    <Step Id="synth_design"/>
  </Strategy>
</GenRun>
